ID,English,Chinese,Author,Description
1,"I may have invented it, but Bill made it famous.",也许我发明了它，但比尔让它变得出名了。,David Bradley,David Bradley编写了 Control+Alt+Del 这个快捷键。由于Windows的一些程序经常会无响应，导致用户需要通过Control+Alt+Del调出任务管理器，结束卡死的程序，或者重启电脑。Control+Alt+Del甚至成为了处理 Windows 问题的标志性操作。
2,"Nvidia, fuck you!",英伟达，去你的！,Linus Torvalds,Torvalds 批评 Nvidia 不愿为 Linux 系统提供足够的硬件支持和开源驱动。这句话在2012年的一次演讲中说出，迅速在开源社区传播，成为呼吁硬件厂商支持开源系统的代表性言论。
3,"The only problem with Microsoft is they just have no taste. They have absolutely no taste. And I don't mean that in a small way, I mean that in a big way, in the sense that they don't think of original ideas, and they don't bring much culture into their products.",微软唯一的问题就是他们毫无品味。他们绝对没有品味。我说的不是小问题，而是大问题，就是说他们不会想出原创的点子，也不会在产品中融入多少文化。,Steve Jobs,源自史蒂夫·乔布斯1996年在PBS纪录片《书呆子的胜利》中的采访。这句话体现了乔布斯对产品设计和用户体验的重视，也反映了苹果和微软在产品理念上的差异。
4,"Stay Hungry, Stay Foolish",求知若饥，虚心若愚,Steve Jobs,出自乔布斯2005年在斯坦福大学的著名毕业演讲。这句话鼓励人们保持好奇心和学习欲望，不要被成功限制住思维。它成为了激励无数人追求创新和自我突破的名言。
5,1000 songs in your pocket,1000首歌在你的口袋里,Steve Jobs,2001年首次发布iPod时的宣传语。这句话帮助重新定义了便携式音乐设备，展示了iPod革命性的存储容量和便携性，对数字音乐产业产生了深远影响。
6,It just works,它就是能用,Steve Jobs,"乔布斯经常在产品发布会上使用这句话。它强调了苹果产品的易用性和无缝集成，成为苹果设计理念的代表性口号，体现了以用户为中心""的产品哲学。"""
7,One more thing...,还有一件事...,Steve Jobs,乔布斯在发布会结束前经常用这句话引出重要新产品。这个习惯性用语成为了苹果发布会的标志性桥段，常常用来制造悬念和惊喜，增加产品发布的戏剧性效果。
8,An Apple a day keeps the doctor away,每天一个苹果，医生远离我,Steve Jobs,"这是对英语谚语一天一个苹果，医生远离我""的巧妙改编。乔布斯曾戏谑地将这句话与苹果公司联系起来，暗示使用苹果产品能让生活更健康、更美好。这个双关语展现了乔布斯的幽默感，也成为了苹果粉丝常用的俏皮话。"""
9,Reality Distortion Field,现实扭曲力场,Bud Tribble,"现实扭曲力场""最初由苹果公司早期员工Bud Tribble创造，用来描述乔布斯令人信服的演讲能力和个人魅力。这个术语暗示乔布斯能够让他人相信几乎不可能的事情。它不仅用来形容乔布斯的领导风格，也被广泛用于描述某些领导者或企业的强大说服力和影响力。"""
10,640K ought to be enough for anybody.,640K对任何人来说都应该足够了。,Bill Gates,这句话被广泛认为是比尔·盖茨在1981年说的，尽管他后来否认过。这个梗讽刺了早期对个人电脑内存需求的低估。
11,Be nice to nerds. Chances are you'll end up working for one.,对书呆子好一点。说不定你最后会为他们工作。,Bill Gates,这句话反映了技术行业的崛起，以及曾经被认为是'书呆子'的人如今在商业世界中的重要地位。
12,I choose a lazy person to do a hard job. Because a lazy person will find an easy way to do it.,我会选择一个懒人去做困难的工作。因为懒人会找到简单的方法去完成它。,Bill Gates,这句话突出了效率和创新的重要性，暗示寻找捷径可能会带来创新的解决方案。
13,Your most unhappy customers are your greatest source of learning.,你最不满意的顾客是你最大的学习源泉。,Bill Gates,这句话强调了负面反馈的价值，以及如何从失败中学习和改进。
14,Success is a lousy teacher. It seduces smart people into thinking they can't lose.,成功是一个糟糕的老师。它诱使聪明人认为他们不会失败。,Bill Gates,这句话警告人们不要因为成功而自满，强调了保持谦逊和持续学习的重要性。
15,"If you can't make it good, at least make it look good.",如果你不能把它做好，至少要让它看起来好。,Bill Gates,这句话经常被用来讽刺微软早期产品的质量问题，尽管可能被断章取义或误解。
16,Premature optimization is the root of all evil.,过早优化是万恶之源。,Donald Knuth,Donald Knuth是计算机科学领域的泰斗级人物。这句话警告程序员不要过早关注程序的优化，而应该首先确保程序的正确性和可读性。这个观点在软件开发中影响深远，提醒开发者要在适当的时候进行优化，同时成功地让无数懒惰的程序员找到了不优化代码的完美理由。
17,"There are 10 types of people in the world: those who understand binary, and those who don't.",世界上有10种人：懂二进制的和不懂的。,Unknown,这是一个经典的程序员双关语。在二进制中，'10'表示十进制的2。这个梗巧妙地将编程知识与幽默感结合在一起，成为程序员群体中广为流传的笑话。
18,"Programs must be written for people to read, and only incidentally for machines to execute.","程序写出来是给人看的,附带能在机器上运行。",Harold Abelson,"Abelson教授可能没想到,他这句话成了程序员们互相吐槽'这代码是人能看懂的吗?'的最佳借口。"
19,Solve one problem at a time.,"在两个问题面前,解决一个问题。",《Unix编程艺术》,"Unix的设计哲学告诉我们:面对复杂问题时,要学会'装傻'。"
20,Any sufficiently advanced technology is indistinguishable from magic.,任何足够先进的技术都与魔法无异。,Arthur C. Clarke,"Clarke的预言准确得可怕。现在的AI已经进化到能写bug了,这不是魔法是什么?"
21,Talk is cheap. Show me the code.,屁话少说，放码过来,Linus Torvalds,"Torvalds用一句话,优雅地把所有'键盘侠'怼回了现实。"
22,"Debugging is twice as hard as writing the code in the first place. Therefore, if you write the code as cleverly as possible, you are, by definition, not smart enough to debug it.","调试代码比写代码更困难。因此,如果你尽可能聪明地写代码,根据定义你就不够聪明到可以调试它。",Brian Kernighan,"Kernighan告诉我们:过度炫技的代码,就是在给自己挖坑。所以,保持代码简单,不是因为你菜,而是因为你太聪明了。"
23,"On the internet, every day is day one.","在互联网上,每天都是第一天。",Jeff Bezos,"这句话体现了贝索斯对互联网行业持续创新的看法,强调了在快速变化的科技领域保持创业精神的重要性。"
24,"If you're not willing to fail, you can't innovate.","如果你不愿意失败,你就无法创新。",Jeff Bezos,"这句话强调了在科技创新过程中接受失败的重要性,鼓励人们勇于尝试新事物。"
25,"If you focus on customers, a good company can last a very long time.","如果你专注于客户,一家好公司可以持续很长时间。",Jeff Bezos,"这句话反映了贝索斯以客户为中心的商业理念,强调了将客户需求放在首位对公司长期成功的重要性。"
26,Move fast and break things.,"行动要快,打破常规。",Mark Zuckerberg,"这句话体现了扎克伯格对快速行动和创新的重视,成为了Facebook早期发展的核心理念。"
27,"The biggest risk is not taking any risk. In a world that's changing quickly, the only strategy that is guaranteed to fail is not taking risks.","最大的风险是不冒险。在一个快速变化的世界里,唯一保证失败的策略就是不承担风险。",Mark Zuckerberg,"这句话强调了在科技行业承担风险的必要性,鼓励人们在快速变化的环境中勇于创新。"
28,We don't build services to make money; we make money to build better services.,"我们不是为了赚钱而建立服务,我们赚钱是为了建立更好的服务。",Mark Zuckerberg,"这句话反映了扎克伯格对Facebook使命的看法,强调了公司的目标是通过科技改善人们的生活,而不仅仅是追求利润。"
29,"Code is like humor. When you have to explain it, it's bad.","代码就像幽默。当你不得不解释它时,它就是糟糕的。",Cory House,"这句话强调了代码的可读性和自解释性的重要性,暗示好的代码应该像好的笑话一样,不需要额外解释就能被理解。"
30,"First, solve the problem. Then, write the code.","首先,解决问题。然后,编写代码。",John Johnson,"这句话强调了在开始编码之前理解并解决问题的重要性,鼓励程序员先思考后行动。"
31,Experience is the name everyone gives to their mistakes.,经验是每个人给自己错误起的名字。,Oscar Wilde,"虽然这句话不是程序员说的,但它在编程世界中非常适用,强调了从错误中学习的重要性。"
32,The best error message is the one that never shows up.,最好的错误信息是永远不会出现的那个。,Thomas Fuchs,"这句话强调了预防错误和编写健壮代码的重要性,而不是仅仅依赖于好的错误处理。"
33,"The most dangerous phrase in the language is, 'We've always done it this way.'","语言中最危险的短语是,'我们一直都是这样做的。'",Grace Hopper,"这句话警告我们不要墨守成规,鼓励在技术领域不断创新和改进。"
34,Weeks of coding can save you hours of planning.,几周的编码可以节省你几小时的规划时间。,Unknown,"这是一句反讽,实际上强调了前期规划的重要性,暗示没有proper规划会导致大量不必要的工作。"
35,Good code is its own best documentation.,好的代码本身就是最好的文档。,Steve McConnell,"这句话强调了编写清晰、自解释性代码的重要性,建议降低对外部文档的依赖。"
36,The only way to learn a new programming language is by writing programs in it.,学习新编程语言的唯一方法就是用它编写程序。,Dennis Ritchie,"这句话强调了实践在学习编程中的重要性,鼓励程序员通过实际编码来掌握新技能。"
37,"Software and cathedrals are much the same — first we build them, then we pray.","软件和大教堂很相似 - 首先我们建造它们,然后我们祈祷。",Sam Redwine,"这句话幽默地描述了软件开发的不确定性,暗示即使在最好的计划下,我们也需要一些'运气'来确保一切正常运行。"
38,It's not a bug – it's an undocumented feature.,这不是bug - 这是一个未记录的功能。,Unknown,"这句俏皮话常被程序员用来自嘲,轻松化解发现bug时的尴尬,同时也揭示了软件开发中文档的重要性。"
39,Simplicity is the soul of efficiency.,简单是效率的灵魂。,Austin Freeman,"这句话强调了在编程中追求简洁和清晰的重要性,暗示复杂的代码往往效率低下且难以维护。"
40,Before software can be reusable it first has to be usable.,"在软件可以被重用之前,它首先必须是可用的。",Ralph Johnson,"这句话提醒开发者,在追求代码重用性的同时,不要忽视软件的基本功能和易用性。"
41,Programming is the art of telling another human what one wants the computer to do.,编程是告诉另一个人你想让计算机做什么的艺术。,Donald Knuth,"这句话强调了代码的可读性和沟通性,提醒程序员编写代码不仅是为了机器,更是为了其他阅读代码的人。"
42,Any fool can write code that a computer can understand. Good programmers write code that humans can understand.,任何傻瓜都能编写计算机可以理解的代码。优秀的程序员编写人类可以理解的代码。,Martin Fowler,"这句话强调了编写清晰、易懂代码的重要性,鼓励程序员注重代码的可读性和维护性。"
43,The function of good software is to make the complex appear to be simple.,好的软件的功能是让复杂的东西看起来简单。,Grady Booch,"这句话强调了软件设计的核心目标之一:通过良好的抽象和接口设计,使复杂的系统易于使用和理解。"
44,The computer was born to solve problems that did not exist before.,计算机的诞生是为了解决以前不存在的问题。,Bill Gates,"这句话揭示了计算机科技的创新本质,暗示了它如何创造了全新的可能性和挑战。"
45,Why do programmers prefer dark mode? Because light attracts bugs.,为什么程序员喜欢暗黑模式？因为光会吸引虫子。,Unknown,"这个笑话巧妙地将编程中的'bug'与现实世界的昆虫联系起来,同时调侃了程序员偏好使用暗色主题的习惯。"
46,"A SQL query goes into a bar, walks up to two tables and asks, 'Can I join you?'","一个SQL查询走进酒吧,走到两张桌子前问:'我能加入你们吗?'",Unknown,"这个笑话利用了SQL中'join'(连接)操作的双关语,将数据库操作幽默地融入日常场景。"
47,Why did the programmer quit his job? Because he didn't get arrays.,为什么程序员辞职了？因为他没得到加薪(arrays)。,Unknown,"这个笑话利用了'arrays'(数组)和'a raise'(加薪)的谐音,巧妙地将编程术语与职场话题结合。"
48,"How many programmers does it take to change a light bulb? None, that's a hardware problem.","需要多少程序员才能换一个灯泡？一个也不需要,那是硬件问题。",Unknown,"这个笑话揭示了程序员和硬件工程师之间的经典分歧,突出了软件开发人员对硬件问题的典型反应。"
49,Why do Java developers wear glasses? Because they don't C#.,为什么Java开发者戴眼镜？因为他们看不见C#(see sharp)。,Unknown,"这个笑话利用了编程语言C#的发音与'see sharp'(看得清楚)的双关语,同时调侃了不同编程语言阵营之间的玩笑。"
50,There's no place like 127.0.0.1.,没有什么地方比127.0.0.1更好。,Unknown,"这是对'There's no place like home'的技术版改编,127.0.0.1是本地主机的IP地址,象征着程序员的'家'。"
51,"I'd tell you a UDP joke, but you might not get it.","我想讲个UDP笑话,但你可能收不到。",Unknown,"这个笑话基于UDP协议不保证数据包送达的特性,暗示笑话可能像UDP数据包一样丢失。"
52,Why do programmers always mix up Halloween and Christmas? Because Oct 31 == Dec 25.,为什么程序员总是把万圣节和圣诞节搞混？因为Oct 31 == Dec 25。,Unknown,"这个笑话基于八进制(Oct)和十进制(Dec)的数字表示,在程序员的世界里,八进制的31等于十进制的25。"
53,Why did the developer go broke? Because he used up all his cache!,为什么开发者破产了？因为他用光了所有的缓存(cash)！,Unknown,"这个笑话再次利用了'cache'(缓存)和'cash'(现金)的谐音,幽默地将技术术语与日常生活联系起来。"
54,Why do programmers prefer iOS development? Because the Swift is mightier than the Kotlin.,为什么程序员更喜欢iOS开发？因为Swift比Kotlin更强大。,Unknown,"这个笑话改编自'The pen is mightier than the sword'(笔比剑更强大),用编程语言Swift和Kotlin代替了笔和剑,调侃了不同移动开发平台的选择。"
55,Why do programmers hate nature? It has too many bugs.,为什么程序员讨厌大自然？因为有太多虫子(bugs)。,Unknown,"这个笑话巧妙地利用了'bug'在编程和自然界中的双重含义,反映了程序员对代码错误的厌恶。"
56,A programmer had a problem. He decided to use Java. Now he has a ProblemFactory.,一个程序员遇到了一个问题。他决定使用Java。现在他有了一个问题工厂。,Unknown,"这个笑话调侃了Java中过度使用设计模式的倾向,特别是工厂模式(Factory Pattern)的滥用。"
57,Why did the functions stop calling each other? They had constant arguments.,为什么这些函数不再相互调用了？因为它们有常量参数(经常争论)。,Unknown,"这个笑话利用了'constant arguments'在编程和日常语言中的双重含义,创造了一个有趣的双关语。"
58,Why did the database administrator leave his wife? She had one-to-many relationships.,为什么数据库管理员离开了他的妻子？因为她有一对多的关系。,Unknown,"这个笑话利用了数据库中'一对多关系'的概念,将其幽默地应用到了个人关系中。"
59,The most disastrous thing that you can ever learn is your first programming language.,你能学到的最具灾难性的东西就是你的第一门编程语言。,Alan Kay,这句话出自Alan Kay在1997年的OOPSLA会议上的演讲。它强调了不应该被首次接触的编程范式所局限，而应该持续学习新的编程思想。
60,"The Internet is the first thing that humanity has built that humanity doesn't understand, the largest experiment in anarchy that we have ever had.",互联网是人类建造的第一个人类不理解的东西，是我们有史以来最大的无政府状态实验。,Eric Schmidt,这句话来自Eric Schmidt在2009年接受《金融时报》采访时的发言。它反映了互联网的复杂性和其对社会的深远影响。
61,Computing is not about computers anymore. It is about living.,计算不再只关乎计算机了。它关乎生活。,Nicholas Negroponte,这句话出自Nicholas Negroponte 1995年的著作《数字化生存》(Being Digital)。它预见性地指出了数字技术将如何渗透到我们生活的方方面面。
62,"Software is like entropy: It is difficult to grasp, weighs nothing, and obeys the Second Law of Thermodynamics; i.e., it always increases.",软件就像熵：难以把握，无形无重，并遵循热力学第二定律；也就是说，它总是在增加。,Norman Augustine,这句话出自Norman Augustine的著作《Augustine's Laws》（第六版，1997年）。它巧妙地将软件开发的复杂性与物理学概念联系起来。
63,The best way to predict the future is to invent it.,预测未来最好的方法就是创造它。,Alan Kay,这句名言出自Alan Kay在1971年的一次会议上的发言。它强调了创新在塑造技术未来中的核心作用。
64,There are only two kinds of programming languages: those people always bitch about and those nobody uses.,编程语言只有两种：一种是人们总是抱怨的，另一种是没人使用的。,Bjarne Stroustrup,这句话出自Bjarne Stroustrup的著作《C++编程语言》（The C++ Programming Language）第四版（2013年）的前言。Stroustrup是C++语言的创始人，他用幽默的方式描述了程序员对编程语言的普遍态度。
65,The trouble with programmers is that you can never tell what a programmer is doing until it's too late.,程序员的麻烦在于，你永远不知道一个程序员在做什么，直到为时已晚。,Seymour Cray,这句话出自Seymour Cray在1989年的一次演讲中。Cray是超级计算机的先驱，他幽默地点出了程序员工作的不可预测性和潜在风险。
66,The best performance improvement is the transition from the nonworking state to the working state.,最好的性能改进是从不工作状态转变为工作状态。,John Ousterhout,这句话出自John Ousterhout在1994年发表的论文《Why Aren't Operating Systems Getting Faster As Fast as Hardware?》Ousterhout是Tcl编程语言的创造者，他用幽默的方式强调了让系统正常运行的重要性。
67,"Programming today is a race between software engineers striving to build bigger and better idiot-proof programs, and the Universe trying to produce bigger and better idiots. So far, the Universe is winning.",如今的编程是软件工程师努力构建更大更好的防白痴程序与宇宙试图制造更大更好的白痴之间的竞赛。到目前为止，宇宙正在取胜。,Rick Cook,这句话出自Rick Cook的科幻小说《The Wizardry Compiled》（1989年）。虽然Cook主要是一位作家，但这句话在程序员中广为流传，幽默地描述了软件开发中的永恒挑战。
68,"When debugging, novices insert corrective code; experts remove defective code.",在调试时，新手插入纠正代码；专家则删除有缺陷的代码。,Richard Pattis,这句话出自Richard Pattis的著作《Karel The Robot: A Gentle Introduction to the Art of Programming》（1981年）。Pattis是一位计算机科学教育家，他用这种幽默的方式强调了简化和优化代码的重要性。
69,"There are two ways of constructing a software design: One way is to make it so simple that there are obviously no deficiencies, and the other way is to make it so complicated that there are no obvious deficiencies. The first method is far more difficult.",构建软件设计有两种方法：一种是把它设计得如此简单以至于明显没有缺陷，另一种是把它设计得如此复杂以至于没有明显的缺陷。第一种方法远比第二种困难。,C.A.R. Hoare,这句话出自C.A.R. Hoare在1980年图灵奖获奖演讲中。Hoare是计算机科学的先驱，以发明快速排序算法而闻名。这句话幽默地指出了简单设计的重要性和困难性。
70,"Some people, when confronted with a problem, think 'I know, I'll use regular expressions.' Now they have two problems.",有些人在面对问题时会想'我知道了，我要用正则表达式。'现在他们有两个问题了。,Jamie Zawinski,这句话最初出现在Jamie Zawinski的一篇usenet帖子中（1997年）。Zawinski是Netscape的早期开发者，这句话调侃了使用正则表达式可能带来的复杂性。
71,"XML is like violence – if it doesn't solve your problems, you are not using enough of it.",XML就像暴力——如果它没有解决你的问题，那是因为你用得不够多。,Alex Payne,这句话最初出现在Alex Payne的Twitter上（2008年）。Payne是Twitter的早期工程师，这句话幽默地批评了过度使用XML的趋势。
72,Always code as if the guy who ends up maintaining your code will be a violent psychopath who knows where you live.,永远要像维护你代码的人是个知道你住处的暴力精神病患者那样编码。,John Woods,这句话最初出现在John Woods在usenet上的一个帖子中（1991年）。它以夸张的方式强调了编写可维护代码的重要性。
73,I think Microsoft named .Net so it wouldn't show up in a Unix directory listing.,我认为微软将其命名为.Net是为了让它不会出现在Unix目录列表中。,Oktal,这句话最早出现在Slashdot网站的一个评论中（2000年），作者使用昵称Oktal。它调侃了微软和Unix社区之间的竞争关系。
74,"If Java had true garbage collection, most programs would delete themselves upon execution.",如果Java有真正的垃圾收集，大多数程序会在执行时删除自己。,Robert Sewell,这句话通常被归因于Robert Sewell，虽然确切的出处不明。它幽默地批评了某些Java程序的质量。
75,"C makes it easy to shoot yourself in the foot; C++ makes it harder, but when you do, it blows away your whole leg.",C语言让你很容易把自己的脚打穿；C++让这变得更困难，但一旦你做到了，它会把你的整条腿都炸飞。,Bjarne Stroustrup,这句话出自Bjarne Stroustrup在一次采访中的回答（1993年）。Stroustrup是C++的创始人，他用这种幽默的方式描述了C++相对于C的复杂性。
76,There are only two hard things in Computer Science: cache invalidation and naming things.,计算机科学中只有两件难事：缓存失效和命名。,Phil Karlton,这句话最初由Phil Karlton说出，他是Netscape的首席软件架构师。它简洁地总结了编程中两个看似简单却常常令人头疼的问题。
77,A good programmer is someone who always looks both ways before crossing a one-way street.,好的程序员是那种在过单行道之前也会朝两个方向看的人。,Doug Linder,这句话通常被归因于Doug Linder，虽然确切的出处不明。它幽默地描述了优秀程序员的谨慎本性。
78,Computers are like bikinis. They save people a lot of guesswork.,计算机就像比基尼。它们为人们省去了很多猜测的工作。,Sam Ewing,这句话出自Sam Ewing，一位美国作家和幽默作家。虽然他不是技术专家，但这句话在技术圈里广为流传，幽默地描述了计算机的作用。
79,UNIX is simple. It just takes a genius to understand its simplicity.,UNIX很简单。只是需要天才才能理解它的简单。,Dennis Ritchie,这句话出自Dennis Ritchie，Unix操作系统的创始人之一。它幽默地描述了Unix设计哲学的深奥之处。
80,Hardware: The parts of a computer system that can be kicked.,硬件：计算机系统中可以踢的部分。,Jeff Pesis,这句话通常被归因于Jeff Pesis，虽然确切的出处不明。它用幽默的方式给出了硬件的'定义'。
81,The most important property of a program is whether it accomplishes the intention of its user.,程序最重要的属性是它是否实现了用户的意图。,C.A.R. Hoare,这句话出自C.A.R. Hoare的论文《An Axiomatic Basis for Computer Programming》（1969年）。虽然不是直接的幽默，但它以简洁的方式道出了软件开发的核心。
82,The Internet? We are not interested in it.,互联网？我们对它不感兴趣。,Bill Gates,这句话据称是Bill Gates在1993年的一次会议上说的。虽然Gates后来否认过这句话，但它仍然被广泛引用，提醒人们即使是行业领袖有时也会对新兴技术的潜力估计不足。
83,The most amazing achievement of the computer software industry is its continuing cancellation of the steady and staggering gains made by the computer hardware industry.,计算机软件行业最惊人的成就是它不断地抵消了计算机硬件行业稳定而惊人的进步。,Henry Petroski,这句话出自Henry Petroski的书《The Evolution of Useful Things》（1992年）。Petroski是一位工程师和作家，这句话幽默地描述了软件如何消耗了硬件的进步。
84,There are two major products that come out of Berkeley: LSD and UNIX. We don't believe this to be a coincidence.,伯克利有两大产品：LSD和UNIX。我们不认为这是巧合。,Jeremy S. Anderson,这句话通常被归因于Jeremy S. Anderson，虽然确切的出处不明。它幽默地联系了加州大学伯克利分校的两个'产品'，暗示了UNIX开发的'奇特'本质。
85,"We can only see a short distance ahead, but we can see plenty there that needs to be done.","我们只能看到很短的未来,但足以发现那里有很多需要我们去做的事情。",Alan Turing,"这句话反映了图灵对科学研究和技术发展的前瞻性看法,强调了尽管未来不确定,但当下仍有大量工作需要完成。"
86,The question of whether machines can think is too meaningful to be answered before the end of this century.,"机器会思考吗?这个问题太有意义了,以至于可能在本世纪末之前没有答案。",Alan Turing,"这句话体现了图灵对人工智能发展的深刻洞察,预见到了这个问题的复杂性和长期性。"
87,Sometimes people think that thinking is what computers do. This is a very silly idea.,有时人们认为思考就是计算机所做的事情。这是一个非常愚蠢的想法。,Alan Turing,"图灵在这里区分了计算机的运算和人类的思考,强调了两者的本质区别。"
88,"If a machine is expected to be infallible, it cannot also be intelligent.","如果一台机器被期望是绝对不会出错的,那么它就不可能是智能的。",Alan Turing,"这句话揭示了图灵对机器智能本质的理解,认为犯错和学习是智能的重要特征。"
89,Science is a differential equation. Religion is a boundary condition.,科学是一个微分方程。宗教是一个边界条件。,Alan Turing,"这个比喻展现了图灵对科学和宗教关系的独特见解,用数学概念来阐述两者的关系。"
90,"If people do not believe that mathematics is simple, it is only because they do not realize how complicated life is.","如果人们不相信数学是简单的,那只是因为他们没有意识到生活有多复杂。",John von Neumann,"这句话反映了冯·诺依曼对数学本质的看法,以及数学在简化复杂现实问题中的作用。"
91,"Young man, in mathematics you don't understand things. You just get used to them.","年轻人,在数学中你不需要理解事物。你只需要习惯它们。",John von Neumann,"这句话体现了冯·诺依曼对数学学习方法的独特见解,强调了熟悉和习惯在数学学习中的重要性。"
92,"The sciences do not try to explain, they hardly even try to interpret, they mainly make models.","科学并不试图解释,它们甚至几乎不试图诠释,它们主要是制作模型。",John von Neumann,"这句话阐述了冯·诺依曼对科学本质的理解,强调了模型构建在科学研究中的核心地位。"
93,There's no sense in being precise when you don't even know what you're talking about.,"当你甚至不知道自己在谈论什么时,追求精确是没有意义的。",John von Neumann,"这句话体现了冯·诺依曼的实用主义思想,强调了在研究过程中明确问题的重要性。"
94,"Anyone who attempts to generate random numbers by deterministic means is, of course, living in a state of sin.","任何试图通过确定性方法生成随机数的人,当然是生活在一种罪恶的状态中。",John von Neumann,"这句话幽默地指出了在计算机科学中生成真正随机数的困难,反映了冯·诺依曼对计算机随机性的深刻理解。"
95,Simplicity is the ultimate sophistication.,简约是最终的复杂。,Leonardo da Vinci,虽然这句话出自文艺复兴时期的达芬奇，但它在现代计算机设计中得到了广泛应用，特别是在用户界面设计方面。
96,It's hardware that makes a machine fast. It's software that makes a fast machine slow.,是硬件使机器变快。是软件使快速的机器变慢。,Craig Bruce,这句话幽默地指出了软件效率在计算机性能中的重要性。
97,"In theory, there is no difference between theory and practice. But, in practice, there is.",理论上，理论和实践之间没有差别。但实践中，确实存在差别。,Jan L. A. van de Snepscheut,这句话常被归因于Jan L. A. van de Snepscheut，一位计算机科学家。这个巧妙的悖论揭示了理论知识与实际应用之间的复杂关系。它幽默地指出，尽管我们在理论上可能完全理解某个概念或系统，但在实际实施时往往会遇到意想不到的挑战。这个观点在软件工程中特别适用，提醒开发者不要低估实际编程和系统实现的复杂性。
98,Measuring programming progress by lines of code is like measuring aircraft building progress by weight.,用代码行数衡量编程进度就像用重量衡量飞机制造进度一样。,Bill Gates,这句话通常被归因于Bill Gates。它巧妙地使用了类比来讽刺以代码量衡量程序员生产力的荒谬性。这个比喻不仅幽默，还深刻地指出了软件质量和效率并不一定与代码数量成正比。它强调了在软件开发中，简洁、高效的代码往往比冗长、复杂的代码更有价值，从而挑战了一些传统的软件度量方法。
99,The best way to get accurate information on Usenet is to post something wrong and wait for corrections.,在Usenet上获取准确信息的最佳方法是发布一些错误的信息，然后等待纠正。,Matthew Austern,这句话被称为'Cunningham's Law'，虽然实际上是由Steven McGeady提出并以Ward Cunningham命名的。它幽默地道出了互联网社区的一个有趣现象：人们往往比提供正确信息更热衷于纠正错误。这个观察不仅适用于早期的Usenet，也适用于现代的社交媒体和在线论坛。它揭示了群体智慧的力量，同时也暗示了在线交流中的一些心理学原理。
100,The first 90 percent of the code accounts for the first 90 percent of the development time. The remaining 10 percent of the code accounts for the other 90 percent of the development time.,代码的前90%占用了开发时间的前90%。剩下的10%的代码占用了另外90%的开发时间。,Tom Cargill,这个被称为'九十-九十法则'的观点出自Tom Cargill，一位贝尔实验室的工程师。这个幽默的'数学悖论'精辟地概括了软件项目管理中的一个常见问题：项目的最后阶段往往比预期更加耗时。它提醒项目经理和开发者要合理估计项目周期，特别是在处理那些看似简单但实际上可能隐藏着复杂问题的'最后10%'时。
101,Walking on water and developing software from a specification are easy if both are frozen.,在水上行走和根据规范开发软件都很容易，如果它们都是冻结的话。,Edward V. Berard,这句话出自Edward V. Berard，一位软件工程顾问。这个机智的比喻将软件开发比作在水上行走，暗示了需求变化对软件开发的巨大影响。'frozen'这个词巧妙地双关了'冻结的水面'和'固定不变的规范'，幽默地指出了在现实世界中，需求规范和开发环境都是不断变化的，这使得软件开发变得极具挑战性。这个比喻强调了敏捷开发和适应性方法在现代软件工程中的重要性。
102,The problem with troubleshooting is that trouble shoots back.,"故障排查的问题在于,麻烦会反击。","Unknown, popularized in tech circles","这句话在技术圈广为流传,作者不详。它巧妙地拟人化了技术问题,将'troubleshooting'(故障排查)中的'shoot'(射击)字面化,创造了一个幽默的意象。这个比喻暗示了在解决复杂技术问题时可能遇到的意外困难和挫折,强调了技术工作中需要的耐心和毅力。同时,它也反映了技术行业中常见的自嘲式幽默。"
103,"To err is human, but to really foul things up you need a computer.","犯错是人之常情,但要把事情彻底搞砸,你需要一台电脑。",Paul Ehrlich,"这句话出自Paul Ehrlich,一位著名的生物学家。他巧妙地改编了古老谚语'To err is human, to forgive divine'(犯错是人性,宽恕是神性),用计算机取代了'神性'的位置。这个幽默的对比突出了计算机的强大功能,同时也暗示了技术可能带来的潜在风险。它提醒我们,尽管计算机是强大的工具,但如果使用不当,可能会放大人为错误的影响。"
104,There are two ways to write error-free programs; only the third one works.,编写无错程序有两种方法;只有第三种有效。,Alan J. Perlis,"这句话出自Alan J. Perlis,第一位图灵奖获得者。这个看似自相矛盾的声明充满了机智和幽默。它暗示了编程的复杂性和不可预测性,强调了在软件开发中,理论和实践往往存在差距。这句话也反映了软件工程中常见的情况:我们经常需要尝试多种方法才能找到有效的解决方案,即使是最有经验的程序员也难以直接写出完美无缺的代码。"
105,The generation of random numbers is too important to be left to chance.,"随机数的生成太重要了,不能靠运气。",Robert R. Coveyou,"这句话出自Robert R. Coveyou,一位著名的数学家和计算机科学家。这个看似矛盾的陈述充满了机智和讽刺。它巧妙地利用了'random'(随机)和'chance'(运气)之间的关系,创造了一个逻辑悖论。这句话实际上强调了在计算机科学中生成真正随机数的重要性和困难性。它提醒我们,虽然我们追求随机性,但在计算机系统中,这种随机性必须是可控和可重现的。"
106,"The most likely way for the world to be destroyed, most experts agree, is by accident. That's where we come in; we're computer professionals. We cause accidents.","大多数专家一致认为,世界最可能被摧毁的方式是意外。这就是我们的用武之地;我们是计算机专业人士。我们制造意外。",Nathaniel Borenstein,"这句话出自Nathaniel Borenstein,MIME协议的创造者之一。这个黑色幽默的陈述夸张地描述了计算机专业人士的'破坏力'。它巧妙地将全球性灾难与日常的软件bug联系起来,突出了技术在现代社会中的关键作用,以及技术失误可能带来的严重后果。这句话提醒我们,随着技术的日益普及和复杂化,计算机专业人士肩负着越来越重要的责任。"
107,The hardest part of design... is keeping features out.,设计中最难的部分...是保持特性的精简。,Donald Norman,"这句话出自Donald Norman,认知科学家和用户体验设计的先驱。这个简洁而深刻的观察揭示了产品设计中的一个核心挑战。'keeping features out'(保持特性的精简)这个表达强调了在设计过程中'减法'的重要性。它暗示了过多的功能可能会使产品变得复杂和难以使用,而真正的设计艺术在于知道什么是不需要的。这个理念不仅适用于用户界面设计,也适用于软件架构和系统设计。"
108,Programming is like sex: one mistake and you have to support it for the rest of your life.,"编程就像性:一个错误,你就得支持它一辈子。",Michael Sinz,"这句话通常被归因于Michael Sinz。这个大胆而幽默的比喻将编程与人生中的重大决定相提并论。'support'这个词在这里有双重含义,既指技术支持,也暗示了对后果的长期承担。这个比喻强调了在软件开发中决策的重要性,以及糟糕设计或匆忙实现可能带来的长期后果。它提醒开发者要深思熟虑,因为今天的决定可能会影响项目的整个生命周期。"
109,"The purpose of software engineering is to control complexity, not to create it.","软件工程的目的是控制复杂性,而不是创造复杂性。",Pamela Zave,"这句话出自Pamela Zave,AT&T实验室的计算机科学家。这个简洁而有力的陈述揭示了软件工程的核心目标。'control complexity'(控制复杂性)这个表达强调了软件工程不仅仅是about编写代码,更是关于管理和简化复杂系统。它暗示了许多软件项目失败的原因可能是过度复杂化,而不是简化问题。这句话提醒开发者和架构师,他们的工作本质是为用户和其他开发者创造清晰、可维护的系统。"
110,"In software, we rarely have meaningful requirements. Even if we do, the only measure of success that matters is whether our solution solves the customer's shifting idea of what their problem is.","在软件开发中,我们很少有明确的需求。即使有,衡量成功的唯一标准是我们的解决方案是否解决了客户不断变化的问题定义。",Jeff Atwood,"这句话出自Jeff Atwood,Stack Overflow的联合创始人。这个深刻的观察揭示了软件开发中的一个核心挑战:需求的不确定性和变化性。'shifting idea'(不断变化的想法)这个表达强调了客户需求的流动性。它暗示了敏捷开发方法的必要性,因为传统的瀑布式开发可能无法适应这种变化。这句话提醒开发者,成功的软件不仅仅是满足最初的规格,而是要能够适应和解决客户真正的、可能正在演变的问题。"
111,The evolution of languages: FORTRAN is a non-typed language. C is a weakly typed language. Ada is a strongly typed language. C++ is a strongly hyped language.,编程语言的进化:FORTRAN是无类型语言。C是弱类型语言。Ada是强类型语言。C++是强宣传语言。,Anonymous,"这句话在程序员圈子里广为流传,作者不详。这个幽默的概括巧妙地总结了主要编程语言的特点,同时对C++进行了一次俏皮的调侃。'strongly hyped'(强宣传)这个词组模仿了类型系统的术语,暗示C++可能被过度推广。这个笑话反映了程序员社区对不同语言的看法,也揭示了技术宣传在编程语言流行度中的作用。它提醒我们,选择编程语言时要看beyond炒作,focus在语言的实际能力和适用性上。"
112,"Good code is its own best documentation. As you're about to add a comment, ask yourself, 'How can I improve the code so that this comment isn't needed?'","好的代码本身就是最好的文档。当你准备添加注释时,问问自己,'我如何改进代码使这个注释变得不必要?'",Steve McConnell,"这句话出自Steve McConnell的著作《Code Complete》。这个深刻的建议强调了代码可读性的重要性。'code is its own best documentation'(代码本身就是最好的文档)这个表述挑战了过度依赖注释的做法。它暗示了一个理想状态:代码应该足够清晰,以至于不需要额外的解释。这个观点鼓励开发者不断改进代码结构和命名,而不是依赖注释来弥补糟糕的代码。它反映了一种追求代码质量的哲学,在software engineering社区中广受认可。"
113,A programming language is low level when its programs require attention to the irrelevant.,"当一个编程语言的程序需要关注无关细节时,它就是低级的。",Alan J. Perlis,"这句话再次出自Alan J. Perlis。这个简洁而深刻的定义重新诠释了'low level'(低级)这个术语。'irrelevant'(无关的)这个词强调了高级语言应该能够抽象掉底层细节,让程序员专注于解决问题的核心逻辑。这个定义暗示了编程语言设计的一个重要目标:提高抽象level,减少认知负担。它提醒我们,好的编程语言应该能够帮助程序员更有效地表达他们的意图,而不是陷入技术细节。"
114,The most dangerous thought you can have as a creative person is to think you know what you're doing.,"作为一个创意人,最危险的想法就是认为你知道自己在做什么。",Bret Victor,"这句话出自Bret Victor,一位著名的界面设计师和计算机科学家。这个看似矛盾的陈述强调了创新过程中保持开放心态的重要性。它暗示了过度自信可能会限制创造力和适应性,尤其在快速evolving的技术领域。这个观点鼓励开发者和设计师持续学习、质疑假设,并embrace不确定性。"
115,"The trick is to fix the problem you have, rather than the problem you want.","诀窍是修复你遇到的问题,而不是你想要的问题。",Bram Cohen,"这句话出自Bram Cohen,BitTorrent协议的发明者。这个巧妙的表述揭示了问题解决中的一个常见陷阱:倾向于处理我们希望遇到的问题,而非实际面临的挑战。它强调了在软件开发中保持客观和务实的重要性,警告我们不要陷入'理想化问题'的窠臼。这个建议尤其适用于调试和系统优化,where精确定位实际问题至关重要。"
116,There are only two hard problems in distributed systems:  2. Exactly-once delivery 1. Guaranteed order of messages 2. Exactly-once delivery,分布式系统只有两个难题: 2. 准确送达一次 1. 消息顺序保证 2. 准确送达一次,Unknown,"这个机智的列表在分布式系统专家中广为流传,作者不详。它通过刻意的重复和错误的编号,巧妙地展示了分布式系统中的核心挑战。'Exactly-once delivery'(仅且仅送达一次)的重复强调了这个问题的棘手性,而乱序的编号则反映了消息顺序保证的难度。这个'列表'不仅富有幽默感,还精辟地总结了分布式计算中的两大基本问题,揭示了构建可靠分布式系统的复杂性。"
117,"The only truly secure system is one that is powered off, cast in a block of concrete and sealed in a lead-lined room with armed guards.",唯一真正安全的系统是关机、封在混凝土块里、被锁在有武装警卫把守的铅屏蔽室中的系统。,Gene Spafford,"这句话出自Gene Spafford,一位著名的网络安全专家。这个夸张的描述通过层层加码的安全措施,幽默地强调了实现绝对安全的不可能性。'powered off'、'concrete'、'lead-lined room'和'armed guards'这一系列递进的防护手段,生动地描绘了一个极端但无用的场景。这个比喻揭示了安全与可用性之间的根本矛盾,提醒安全专家要在防护和实用性之间找到平衡。"
118,Saying that Java is good because it works on all platforms is like saying anal sex is good because it works on all genders.,"说Java好是因为它能在所有平台上运行,就像说肛交好是因为它适用于所有性别一样。",Alanna,"这个大胆而controversal的比喻出自网名Alanna的程序员。这个shocking的类比通过将编程语言的跨平台性与一种性行为相提并论,创造了强烈的喜剧效果。它挑战了人们对Java'write once, run anywhere'理念的盲目推崇,暗示universal compatibility可能并不总是一个充分的优点。这个比喻提醒我们,在评估技术时,不应该过分依赖单一特性,而应该综合考虑各种因素。"
119,"Using COBOL is like sailing the Atlantic in a bathtub. It's possible, but why?","使用COBOL就像坐浴缸横渡大西洋。这是可能的,但为什么要这样做呢?",Anonymous,"这个比喻在程序员圈子里流传已久,作者不详。它将使用COBOL(一种老旧的编程语言)比作用浴缸横渡大西洋,生动地描绘了这种做法的荒谬性。'bathtub'和'Atlantic'的反差强调了工具与任务之间的不匹配。这个比喻不仅幽默,还深刻地质疑了在现代编程中继续使用过时技术的合理性。它提醒开发者要与时俱进,选择适合当前需求的工具和技术。"
120,Perl – The only language that looks the same before and after RSA encryption.,Perl - 唯一一种在RSA加密前后看起来一样的语言。,Keith Bostic,"这句话通常被归因于Keith Bostic,著名的计算机程序员。这个机智的观察将Perl语言的难读性与加密后的文本相比较。'RSA encryption'的引入增添了技术含量,同时强化了对Perl语法复杂性的调侃。这个比喻不仅幽默地点出了Perl代码的难懂特性,还暗示了在某些情况下,过度复杂的语法可能反而成为一种'加密'。它提醒开发者在追求语言表现力的同时,不要忽视代码的可读性。"
121,Java is to JavaScript what car is to carpet.,"Java之于JavaScript,就像car之于carpet。",Chris Heilmann,"这句话出自Chris Heilmann,一位知名的web开发者。这个巧妙的文字游戏利用了'Java'和'JavaScript'名字的相似性,与'car'和'carpet'的关系作比。它幽默地指出了尽管名字相似,但Java和JavaScript实际上是完全不同的编程语言。这个比喻不仅显示了语言命名可能造成的混淆,还暗示了在技术世界中,表面的相似可能掩盖了本质的差异。它提醒开发者要beyond名字去理解技术的实质。"
122,"If debugging is the process of removing software bugs, then programming must be the process of putting them in.","如果调试是去除软件bug的过程,那么编程一定是引入bug的过程。",Edsger W. Dijkstra,"这句话常被归因于Edsger W. Dijkstra,虽然确切出处仍有争议。这个有趣的推论将编程和调试定义为相反的过程,巧妙地揭示了软件开发的paradoxical nature。'removing'和'putting in'的对比强调了bug似乎是编程过程不可避免的副产品。这个观点不仅幽默,还深刻地反映了软件工程的挑战性,提醒开发者要在整个开发过程中持续关注代码质量,而不是仅仅依赖后期调试。"
123,In C we had to code our own bugs. In C++ we can inherit them.,在C语言中我们必须自己编码bug。在C++中我们可以继承它们。,Dino Esposito,"这句话出自Dino Esposito,一位知名的软件架构师。这个俏皮的对比利用了面向对象编程中'继承'的概念,将其应用于bug的传播。'code our own bugs'和'inherit them'的对比突出了不同编程范式对错误处理的影响。这个比喻不仅幽默地点出了面向对象编程可能导致错误传播的问题,还暗示了在选择编程范式时需要考虑的trade-offs。它提醒开发者在享受面向对象带来的便利的同时,也要警惕其潜在的陷阱。"
124,"Documentation is like sex: when it's good, it's very, very good; and when it's bad, it's better than nothing.","文档就像性:好的时候非常非常好;不好的时候,也比没有强。",Dick Brandon,"这句话通常被归因于Dick Brandon,一位IT顾问。这个大胆的比喻将文档比作性,通过这种出人意料的类比创造了强烈的喜剧效果。'very, very good'和'better than nothing'的对比强调了文档质量的重要性,同时承认了Even糟糕的文档也有其价值。这个比喻不仅幽默,还深刻地反映了在软件开发中文档的关键作用。它提醒开发者要重视文档工作,力求Produce高质量的文档,但also不要因为追求完美而完全放弃文档。"
125,Computers are useless. They can only give you answers.,计算机是无用的。它们只会给你答案。,Pablo Picasso,"这句话出自艺术家Pablo Picasso,Although他并非计算机专家,但这个观点在技术圈引发了广泛共鸣。这个看似矛盾的陈述通过否定计算机的作用来强调human Creativity的重要性。'useless'和'answers'的并列Create了一个思维的跳跃,挑战了我们对Computers作用的常规理解。这个观点提醒我们,仅仅Obtaining答案是不够的,真正的价值在于提出正确的问题和解释答案。它in某种程度上预见了AI时代人类Role的转变,强调了Critical Thinking的重要性。"
126,"When it comes to code re-use, either you have it or you don't. There's no such thing as code half-reuse.","说到代码重用,要么你有,要么你没有。根本不存在半重用的代码。",Daniel T. Ling,"这句话出自Daniel T. Ling,一位经验丰富的软件工程师。这个观点通过类比代码重用和怀孕状态,创造了一个 absurd但有见地的比喻。'half-reuse'的概念突出了代码重用的二元性质,暗示了在软件工程中,妥协解决方案往往是无效的。这个比喻不仅幽默,还深刻地反映了在追求代码可重用性时需要的决心和彻底性。它提醒开发者,真正有效的代码重用需要精心的设计和规划,而不是半途而废的尝试。"
127,Artificial intelligence is no match for natural stupidity.,人工智能不是天然愚蠢的对手。,"Anonymous, popularized in tech circles",这句话在技术圈广为流传，作者不详。这个机智的对比突出了人类行为的不可预测性和复杂性。它幽默地提醒我们，即使最先进的AI系统也可能在面对人类的非理性行为时束手无策。这句话也可以被解读为对过度依赖技术解决方案的讽刺，强调了在设计系统时考虑人为因素的重要性。
128,Quantum computing is like a quantum superposition of understanding and confusion: you simultaneously know and don't know what's going on.,量子计算就像理解和困惑的量子叠加：你同时知道和不知道发生了什么。,Anonymous,这个巧妙的比喻利用了量子力学中的概念来描述量子计算的复杂性。它幽默地暗示了即使是专家也可能在某些时候感到困惑。这个比喻不仅体现了量子计算的深奥，还反映了科技前沿领域常见的认知挑战。它鼓励研究者和学习者在面对复杂概念时保持开放和谦逊的态度。
129,The problem with object-oriented languages is they've got all this implicit environment that they carry around with them. You wanted a banana but what you got was a gorilla holding the banana and the entire jungle.,面向对象语言的问题在于它们携带了所有这些隐式环境。你想要一根香蕉，但你得到的是一只拿着香蕉的大猩猩和整个丛林。,Joe Armstrong,这句话出自Joe Armstrong，Erlang编程语言的创造者。这个生动的比喻批评了某些面向对象系统的过度复杂性。'gorilla'和'jungle'这两个形象化的词汇强调了简单任务可能带来的不必要的复杂性。它暗示了在软件设计中，过度抽象和紧耦合可能导致系统变得臃肿和难以管理。这个观点提醒开发者要权衡抽象的成本和收益，追求更加聚焦、模块化的设计。
130,There are only two kinds of languages: the ones people complain about and the ones nobody uses.,只有两种编程语言：人们抱怨的语言和没人使用的语言。,Bjarne Stroustrup,这句话出自Bjarne Stroustrup，C++语言的创始人。这个机智的观察揭示了编程语言社区中普遍存在的不满情绪，同时也暗示了流行语言往往会因其广泛使用而受到更多批评。它幽默地指出，一个语言的成功可能恰恰体现在人们对它的批评上。这个洞见鼓励开发者在选择和评价编程语言时保持理性和客观。
131,The best thing about a boolean is even if you are wrong you are only off by a bit.,布尔值最好的地方在于，即使你错了，你也只差了一个比特。,Anonymous,这个机智的双关语戏谑了布尔值的特性，同时也指出了在编程中，有时错误可能只是一个小小的位差异。它幽默地暗示了在二进制世界中，正确和错误之间的界限有时可能非常微妙。这个观点还可以引申为对细节重要性的强调，提醒程序员在处理逻辑判断时要格外谨慎。
132,"In cryptography, a man in the middle attack is like a mailman reading your mail. In quantum cryptography, it's like a mailman trying to read your mail without opening the envelope, and the envelope explodes if he tries.",在密码学中，中间人攻击就像邮递员阅读你的邮件。在量子密码学中，这就像邮递员试图在不打开信封的情况下阅读你的邮件，而如果他尝试，信封就会爆炸。,Anonymous,这个生动的比喻揭示了传统密码学和量子密码学之间的根本区别。它幽默地描述了量子密码学的独特安全特性，即任何窃听尝试都会破坏信息本身。这个比喻不仅简化了复杂的量子概念，还强调了新兴技术在安全领域的潜在革命性影响。它提醒我们，随着技术的进步，我们对安全的理解和实现方式也在不断演变。
133,Debugging is like being the detective in a crime movie where you are also the murderer.,调试就像在一部犯罪电影中当侦探，而你自己就是凶手。,Filipe Fortes,这句话出自软件工程师Filipe Fortes。这个富有想象力的比喻将调试过程比作侦探调查，同时程序员又是'罪魁祸首'。它生动地描述了程序员在查找自己所写代码中的错误时的矛盾心理。这个比喻不仅幽默，还深刻地反映了调试需要的自我批评和分析能力，以及程序员需要在自己的代码中扮演多重角色的现实。
134,Git is like a timeline management utility for a choose-your-own-adventure story that you're writing with hundreds of other people.,Git就像是一个时间线管理工具，用于你正在与数百人一起创作的选择自己冒险故事。,Anonymous,这个比喻巧妙地描述了Git版本控制系统的复杂性和灵活性。它将代码开发过程比作一个多人协作的互动小说创作，其中每个决策都可能导致不同的结果。这个类比不仅形象地展示了Git的分支和合并功能，还暗示了软件开发中的协作和决策过程。它提醒开发者，版本控制不仅仅是保存代码的工具，更是一种管理创意和协作的方式。
135,Blockchain is like a highly inefficient spreadsheet that's apparently revolutionary.,区块链就像一个效率极低的电子表格，但显然具有革命性。,David Gerard,这句话出自David Gerard，一位对加密货币和区块链持批评态度的作家。这个比喻以一种讽刺的方式简化了区块链技术，突出了它在某些应用中的低效性。同时，'apparently revolutionary'(显然具有革命性)这个表述反映了围绕区块链的炒作与实际应用之间的差距。这个观点提醒我们，在评估新技术时需要保持批判性思维，不要盲目追随热点。
136,Machine learning models are like cats: They are never wrong; they just update their worldview to incorporate new information.,机器学习模型就像猫：它们从不犯错；它们只是更新自己的世界观来整合新信息。,Anonymous,这个幽默的比喻将机器学习模型拟人化为猫的个性。它巧妙地描述了机器学习系统不断学习和适应新数据的特性，同时暗示了这些模型可能会以意想不到的方式解释新信息。这个比喻不仅生动形象，还反映了机器学习系统的一个关键特征：它们的输出完全依赖于输入的数据和训练方式。这提醒我们要谨慎解释机器学习模型的结果，并意识到它们可能存在的偏见和限制。
137,"Programming is the art of telling another human what one wants the computer to do, while simultaneously convincing the computer to do what the human actually meant.",编程是一门艺术，它既要告诉其他人你想让计算机做什么，又要同时说服计算机去做人类真正想要的事情。,Donald Knuth,这句话出自Donald Knuth，著名的计算机科学家和《计算机程序设计艺术》的作者。这个巧妙的表述揭示了编程的双重挑战：人机交互和精确表达。它强调了代码不仅是为了机器执行，也是为了人类理解，同时幽默地暗示了人类意图和计算机解释之间可能存在的差异。这个观点深刻地反映了软件工程中的一个核心问题：如何在机器的严格逻辑和人类的模糊思维之间搭建桥梁。
138,"In the future, computers may weigh no more than 1.5 tons.",未来，计算机的重量可能不会超过1.5吨。,"Popular Mechanics, 1949",这句预测出自1949年《大众机械》杂志的一篇文章。这个看似荒谬的预测实际上反映了当时对计算机技术发展的有限认知。它幽默地提醒我们，技术进步往往超出我们的想象。这个预测还警示我们要谨慎对待技术预言，因为我们很容易低估指数级技术进步的力量。从另一个角度来看，这句话也反映了摩尔定律的重要性，即集成电路上可容纳的元器件数目约每隔18-24个月便会增加一倍。
139,"The problem with computers is that they do what you tell them to do, not what you want them to do. It's like having a mechanical monkey with a shotgun: it will do what you programmed it to do, but it may not be what you really desired.",计算机的问题在于它们只会做你告诉它们做的事，而不是你想要它们做的事。这就像是拥有一只拿着猎枪的机械猴子：它会按照你的程序行事，但这可能不是你真正想要的结果。,Anonymous,这个生动的比喻在程序员圈子里广为流传，作者不详。它通过将计算机比作'拿着猎枪的机械猴子'，幽默而形象地描述了计算机严格按照指令执行但可能产生意外结果的特性。这个比喻强调了在编程中精确表达意图的重要性，同时也暗示了软件bug可能带来的潜在危险。它提醒程序员要谨慎考虑代码的每一个细节，因为即使是微小的错误也可能导致严重的后果。
140,"The Internet is like a black hole – it has a strong gravitational pull on your time and productivity, and once you get too close, not even light can escape.",互联网就像一个黑洞——它对你的时间和生产力有强大的引力，一旦你靠得太近，连光都无法逃脱。,Vint Cerf,这句话出自Vint Cerf，被誉为'互联网之父'之一。这个富有想象力的比喻将互联网比作天体物理学中的黑洞，巧妙地描述了互联网对人们注意力的强大吸引力。'gravitational pull'（引力）和'light can escape'（光逃脱）等术语的使用，不仅增加了比喻的科技感，还暗示了过度沉迷网络可能带来的生产力损失。这个观点提醒我们在享受互联网便利的同时，也要警惕它对时间管理和工作效率的潜在负面影响。
141,"Machine learning is to traditional programming what quantum mechanics is to classical physics: it makes everything more complicated, less intuitive, and yet somehow more accurate.",机器学习之于传统编程，就像量子力学之于经典物理：它让一切变得更复杂、更难以直观理解，却又不知为何更加准确。,Pedro Domingos,这句话出自Pedro Domingos，机器学习领域的知名学者。这个巧妙的类比将机器学习与量子力学相提并论，强调了它们在各自领域带来的范式转变。'more complicated'（更复杂）、'less intuitive'（更难以直观理解）和'more accurate'（更加准确）这三个形容词精确地概括了机器学习相对于传统编程的特点。这个比喻不仅体现了机器学习的复杂性，还暗示了它可能带来的认知挑战和潜在突破。它提醒我们，在面对新兴技术时，可能需要抛弃一些直观认知，拥抱更加抽象和数学化的思维方式。
142,"Artificial Intelligence is like a Rorschach test: everyone sees in it what they want to see, be it the salvation of humanity or the harbinger of our doom.",人工智能就像一个罗夏测试：每个人都从中看到他们想看到的，无论是人类的救赎还是毁灭的先兆。,Jaron Lanier,这句话出自Jaron Lanier，虚拟现实先驱和技术批评家。这个富有洞察力的比喻将人工智能比作心理学中著名的罗夏墨迹测试，暗示了人们对AI的理解往往反映了自己的预设立场和期望。'salvation'（救赎）和'harbinger of our doom'（毁灭的先兆）这两个极端的描述，体现了社会对AI的矛盾态度。这个比喻不仅揭示了AI技术的复杂性和不确定性，还提醒我们在讨论AI时要注意自身偏见的影响。它鼓励我们以更加客观和全面的视角来看待AI技术的发展及其可能的影响。
143,"The cloud is just someone else's computer, but with the added excitement of never knowing exactly where your data is, or who might be looking at it.",云只是别人的电脑，但额外的刺激在于你永远不知道你的数据究竟在哪里，或者谁可能在查看它。,Bruce Schneier,这句话是对Bruce Schneier早期关于云计算的评论的扩展和幽默化。Schneier是一位著名的密码学家和安全专家。这个机智的表述在承认云计算便利性的同时，也幽默地指出了其潜在的安全和隐私风险。'added excitement'（额外的刺激）这个讽刺性的表述，巧妙地点出了云服务用户可能面临的不确定性。'never knowing exactly where your data is'（永远不知道你的数据究竟在哪里）和'who might be looking at it'（谁可能在查看它）这两个描述，强调了云计算中数据位置的不透明性和潜在的隐私问题。这个观点提醒我们在享受云服务便利的同时，也要关注数据安全和隐私保护问题。
144,"Blockchain is the technological equivalent of trying to kill a fly with a sledgehammer. Sometimes you hit the fly, but you always leave a big hole in your table.",区块链是试图用大锤打苍蝇的技术等价物。有时你能打中苍蝇，但你总会在桌子上留下一个大洞。,Jimmy Song,这句话出自Jimmy Song，比特币开发者和区块链评论家。这个生动的比喻将区块链技术比作用大锤打苍蝇，巧妙地指出了这项技术在某些应用场景中可能存在的过度设计问题。'kill a fly with a sledgehammer'（用大锤打苍蝇）这个夸张的描述，暗示了区块链技术可能在一些简单问题上使用了过于复杂的解决方案。'leave a big hole in your table'（在桌子上留下一个大洞）则暗示了使用区块链可能带来的意外成本或副作用。这个比喻提醒我们，在选择技术解决方案时要考虑其适用性和效率，不要盲目追随技术热点。
145,"Agile development is like trying to build a car while driving it. It's exciting, potentially faster, but there's always the risk of ending up with three wheels and a steering wheel that's not connected to anything.",敏捷开发就像是在驾驶汽车的同时试图构建它。这很刺激，可能更快，但总有可能最终得到一个三个轮子、方向盘还没连接到任何东西上的车。,Martin Fowler,这句话是对Martin Fowler，敏捷开发方法论的重要贡献者的观点的幽默诠释。这个生动的比喻将敏捷开发过程比作在驾驶中构建汽车，巧妙地捕捉了敏捷方法的核心特征和潜在风险。'exciting'（刺激）和'potentially faster'（可能更快）反映了敏捷开发的优势，而'three wheels and a steering wheel that's not connected to anything'（三个轮子、方向盘还没连接到任何东西上）则幽默地指出了快速迭代可能带来的风险。这个比喻提醒我们，尽管敏捷方法可以提高开发效率，但如果管理不当，可能导致产品不完整或功能缺失。
146,"The Turing test is like a boxing match between a human and a computer, where the computer wins by convincing the referee it's just another clumsy human.",图灵测试就像人类和计算机之间的拳击比赛，计算机通过说服裁判它只是另一个笨拙的人类来获胜。,Douglas Hofstadter,这句话是对Douglas Hofstadter，认知科学家和《哥德尔、艾舍尔、巴赫》作者的思想的创造性诠释。这个独特的比喻将图灵测试比作拳击比赛，巧妙地捕捉了这个经典AI概念的本质。'convincing the referee it's just another clumsy human'（说服裁判它只是另一个笨拙的人类）这个描述，幽默地点出了图灵测试的核心：机器模仿人类的能力。通过使用'clumsy'（笨拙）这个词，它还暗示了人工智能可能通过模仿人类的缺陷来通过测试，这是对图灵测试有效性的一个巧妙质疑。这个比喻不仅展示了图灵测试的目标，还引发了我们对AI真正智能的定义的思考。
147,"Trying to understand recursion is like trying to read the last page of a book that tells you to go back to the first page. Eventually, you'll get it, or run out of stack space.",试图理解递归就像试图阅读一本书的最后一页，而这一页告诉你回到第一页。最终，你要么理解了它，要么耗尽了栈空间。,Guido van Rossum,这句话出自Guido van Rossum，Python编程语言的创始人。这个巧妙的比喻将递归的概念与一本自指的书相比较，生动地描述了递归的本质和潜在的陷阱。'run out of stack space'（耗尽栈空间）这个技术术语的使用，既点明了递归在计算机中的实现方式，又暗示了不当使用递归可能导致的问题。这个比喻不仅幽默地展示了递归的循环特性，还暗示了理解复杂编程概念需要的耐心和洞察力。
148,"Multithreading is like juggling chainsaws: it's impressive when you get it right, but one small mistake and everything falls apart... messily.",多线程编程就像是杂耍锯木机：当你做对时，它令人印象深刻，但一个小失误就会导致一切分崩离析...而且场面会很混乱。,Edward A. Lee,这句话源自Edward A. Lee，加州大学伯克利分校的计算机科学教授，他在并发编程和嵌入式系统方面颇有建树。这个大胆的比喻将多线程编程比作危险的杂耍表演，生动地描绘了多线程编程的高风险和高回报特性。'juggling chainsaws'（杂耍锯木机）这个夸张的意象不仅增添了幽默感，还强调了多线程编程的复杂性和潜在危险。'falls apart... messily'（分崩离析...而且场面会很混乱）则暗示了多线程错误可能导致的严重后果，如死锁或竞态条件。这个比喻提醒程序员在处理并发问题时需要格外小心和精确。
149,"Big O notation is like a speedometer for algorithms: it doesn't tell you how fast you're going, but it does let you know when you're about to break the speed limit of computational feasibility.",大O表示法就像是算法的速度计：它不会告诉你具体跑得多快，但它能让你知道什么时候你即将突破计算可行性的速度极限。,Scott Aaronson,这句话归属于Scott Aaronson，麻省理工学院的计算机科学教授，他在量子计算和计算复杂性理论方面有重要贡献。这个巧妙的比喻将大O表示法比作速度计，既形象又准确。'speedometer for algorithms'（算法的速度计）这个类比简洁地概括了大O表示法的功能。'break the speed limit of computational feasibility'（突破计算可行性的速度极限）这个表述不仅幽默，还准确地点出了大O表示法在算法分析中的核心作用：预测算法在大规模数据下的表现。这个比喻有助于理解大O表示法的实际应用，尤其是在评估算法效率和可扩展性方面。
150,"Debugging is like being a detective in a crime novel where you are also the murderer, the victim, and the murder weapon.",调试就像是在一部犯罪小说中当侦探，而你同时又是凶手、受害者和凶器。,Andrew Hunt,这句话出自Andrew Hunt，《程序员修炼之道》的合著者。这个富有创意的比喻将调试过程比作一个复杂的犯罪现场调查，巧妙地捕捉了程序员在调试过程中扮演的多重角色。'detective'（侦探）、'murderer'（凶手）、'victim'（受害者）和'murder weapon'（凶器）这些角色的并列，生动地描绘了调试过程中的自我审视、问题定位和解决过程。这个比喻不仅幽默，还深刻地反映了调试工作的复杂性和自反性，暗示了程序员需要具备多方面的技能和视角来有效地进行调试。
151,"Refactoring code is like rearranging the deck chairs on the Titanic. It makes things look nicer, but if your underlying architecture is flawed, you're still going to sink.",重构代码就像是在泰坦尼克号上重新摆放甲板椅。它让事物看起来更漂亮了，但如果你的底层架构有缺陷，你仍然会沉没。,Martin Fowler,这句话是对Martin Fowler，重构和敏捷方法论专家的思想的幽默诠释。这个尖锐的比喻将代码重构比作泰坦尼克号上的一个徒劳无功的行为，巧妙地指出了仅仅关注表面改进而忽视根本问题的危险。'rearranging the deck chairs'（重新摆放甲板椅）这个短语既幽默又讽刺，暗示了一些重构工作可能只是表面文章。'underlying architecture is flawed'（底层架构有缺陷）则强调了软件开发中架构设计的关键importance。这个比喻提醒开发者，虽然代码整洁很重要，但不应忽视更深层次的结构性问题。
152,"Machine learning is like teenage sex: everyone talks about it, nobody really knows how to do it, everyone thinks everyone else is doing it, so everyone claims they are doing it.",机器学习就像青少年的性：每个人都在谈论它，没有人真正知道如何做，每个人都认为其他人都在做，所以每个人都声称自己在做。,Sean Owen,这句话是对Dan Ariely关于大数据的著名比喻的机器学习版本，由Cloudera的前数据科学总监Sean Owen提出。这个大胆而幽默的类比巧妙地捕捉了机器学习领域当前的热度和混乱状态。通过将机器学习比作青少年性行为，它揭示了这个领域中普遍存在的夸大、误解和从众心理。'everyone talks about it'（每个人都在谈论）、'nobody really knows how to do it'（没有人真正知道如何做）等表述，生动地描绘了机器学习技术当前的发展状态和人们对它的态度。这个比喻提醒我们在面对新兴技术时要保持理性和谨慎，不要盲目追随潮流。
153,"Programming in C++ is like juggling flaming chainsaws while walking on a tightrope over a pit of hungry alligators. It's exciting, powerful, and one small mistake can lead to disaster.",用C++编程就像是在走钢丝的同时杂耍着燃烧的电锯，而下面是一群饥饿的鳄鱼。它令人兴奋，功能强大，但一个小失误就可能导致灾难。,Bjarne Stroustrup,这句话是对C++语言创始人Bjarne Stroustrup观点的幽默延伸。这个夸张的比喻生动地描绘了C++编程的挑战性和潜在风险。'juggling flaming chainsaws'（杂耍燃烧的电锯）暗示了C++强大但危险的特性，'walking on a tightrope'（走钢丝）反映了编程时需要的精确性，而'pit of hungry alligators'（饥饿的鳄鱼坑）则象征了潜在的严重后果。这个比喻不仅幽默地概括了C++的特点，还强调了熟练掌握这门语言所需的技能和谨慎态度。它提醒程序员在享受C++强大功能的同时，也要警惕其中的陷阱。
154,"Blockchain is like a toddler with a hammer: everything looks like a nail, it's exciting and new, but you probably shouldn't let it near anything valuable until it matures.",区块链就像是一个拿着锤子的幼儿：所有东西看起来都像钉子，它令人兴奋且新颖，但在它成熟之前，你可能不应该让它接近任何有价值的东西。,Vitalik Buterin,这句话是对以太坊创始人Vitalik Buterin思想的幽默诠释。这个生动的比喻将区块链技术比作一个手持锤子的幼儿，巧妙地捕捉了当前区块链应用的普遍状态。'everything looks like a nail'（所有东西看起来都像钉子）这个表述暗示了人们可能过度热衷于将区块链应用到各个领域。'exciting and new'（令人兴奋且新颖）反映了区块链技术的创新性，而'shouldn't let it near anything valuable until it matures'（在它成熟之前不应该让它接近任何有价值的东西）则警告我们要谨慎对待这项尚未完全成熟的技术。这个比喻提醒我们，尽管区块链潜力巨大，但在广泛应用之前还需要进一步发展和完善。
155,"Virtual Reality is like dreaming with your eyes open, except you're wearing a bulky headset, tripping over furniture, and your dreams are designed by software engineers.",虚拟现实就像睁着眼睛做梦，只不过你戴着笨重的头盔，绊倒在家具上，而且你的梦是由软件工程师设计的。,Palmer Luckey,这句话是对Oculus VR创始人Palmer Luckey观点的幽默扩展。这个生动的比喻将虚拟现实体验比作'睁眼做梦'，巧妙地捕捉了VR的魔幻本质和当前技术的局限性。'dreaming with your eyes open'（睁着眼睛做梦）这个描述优雅地概括了VR的核心体验。'bulky headset'（笨重的头盔）和'tripping over furniture'（绊倒在家具上）这两个描述，幽默地点出了当前VR设备的不便之处。'dreams are designed by software engineers'（梦是由软件工程师设计的）则暗示了VR内容的人工特性，以及技术对体验的限制。这个比喻不仅展现了VR技术的潜力，还提醒我们注意技术发展过程中的现实挑战。
156,"Cryptocurrency is like a digital game of hot potato, except the potato is worth millions one day and pennies the next.",加密货币就像一场数字版的烫手山芋游戏，只不过这个山芋今天价值百万，明天可能就一文不值。,Vitalik Buterin,这句话是对以太坊创始人Vitalik Buterin思想的幽默诠释。它巧妙地捕捉了加密货币市场的高度波动性和投机性质。通过将加密货币比作'烫手山芋'，它形象地描述了投资者急于买入卖出的心态，以及市场价值的剧烈波动。这个比喻既幽默又深刻，揭示了加密货币市场的不稳定性和风险。
157,"5G is like a cheetah in a world of snails: incredibly fast, but still looking for a practical reason to run.",5G就像蜗牛世界里的猎豹：速度惊人，但仍在寻找实际的奔跑理由。,Ericsson CEO Börje Ekholm,这句话是对爱立信CEO Börje Ekholm观点的幽默延伸。这个比喻巧妙地描述了5G技术的现状：虽然速度快得惊人，但还在寻找能充分利用这种速度的应用场景。'蜗牛世界里的猎豹'这个形象生动地对比了5G与现有技术的巨大差距，同时也暗示了当前应用可能还跟不上5G的速度。这个比喻既突出了5G的潜力，又指出了它在实际应用中面临的挑战。
158,"Augmented Reality is like giving the world Photoshop: everything looks better, but nothing is quite real.",增强现实就像给这个世界使用了Photoshop：一切看起来都更好了，但没有什么是真实的。,Mark Billinghurst,Mark Billinghurst是增强现实领域的知名研究者。这个比喻巧妙地捕捉了增强现实技术的本质：它能够美化和增强我们所看到的现实世界，就像Photoshop美化图片一样。然而，'nothing is quite real'（没有什么是真实的）这个表述也暗示了AR可能带来的现实感扭曲和潜在的认知偏差。这个比喻既展现了AR的魅力，又提醒我们要意识到虚拟与现实之间的界限。
159,"Cybersecurity is like playing whack-a-mole with a blindfold on: you're always swinging, rarely hitting, and the moles are evolving into Godzillas.",网络安全就像蒙着眼睛玩打地鼠：你总是在挥舞锤子，很少击中，而地鼠们正在进化成哥斯拉。,Bruce Schneier,这句话是对著名密码学家和安全专家Bruce Schneier思想的幽默诠释。这个生动的比喻概括了网络安全面临的持续挑战：安全专家不断努力应对新的威胁，但威胁却在不断演变和升级。'蒙着眼睛'暗示了面对未知威胁时的困难，'地鼠进化成哥斯拉'则形象地描述了网络威胁的日益严重。这个比喻既幽默又深刻，揭示了网络安全领域的动态对抗性质。
160,"Edge computing is like having a tiny superhero in every device: great for quick rescues, but don't ask them to save the entire universe.",边缘计算就像在每个设备中都有一个小超级英雄：擅长快速救援，但别指望它们拯救整个宇宙。,Fog Computing pioneer Flavio Bonomi,这句话是对雾计算先驱Flavio Bonomi思想的创意延伸。这个比喻巧妙地描述了边缘计算的特点：它能在本地设备上快速处理数据，提供及时的响应，就像小超级英雄能快速处理局部问题。但同时，'don't ask them to save the entire universe'（别指望它们拯救整个宇宙）也暗示了边缘计算在处理大规模、复杂任务时的局限性。这个比喻既突出了边缘计算的优势，又指出了它的应用范围和限制。
161,"NoSQL databases are like a rebellious teenager's room: there's a system to the chaos, but good luck figuring it out if you're not the one who created it.",NoSQL数据库就像叛逆青少年的房间：混乱中自有一套系统，但如果你不是创建者，祝你好运理解它。,Martin Fowler,这句话是对Martin Fowler，著名软件开发专家的思想的幽默诠释。这个比喻巧妙地捕捉了NoSQL数据库的特点：它们通常没有固定的架构，允许更灵活的数据存储和检索方式。'混乱中自有一套系统'反映了NoSQL数据库的非结构化特性，而'好运理解它'则暗示了在没有严格模式定义的情况下，理解和维护这些数据库可能面临的挑战。这个比喻既幽默又深刻，揭示了NoSQL数据库的灵活性和潜在的复杂性。
162,"Serverless computing is like ordering food delivery: you get what you want without worrying about the kitchen, but don't be surprised if your pizza arrives cold and expensive.",无服务器计算就像订外卖：你得到想要的东西而不用操心厨房，但别惊讶你的披萨送到时又冷又贵。,Adrian Cockcroft,Adrian Cockcroft是云计算领域的知名专家。这个比喻巧妙地描述了无服务器计算的特点：开发者可以专注于代码而不用管理服务器，就像订外卖不用关心厨房一样。然而，'冷的且昂贵的披萨'暗示了无服务器计算可能存在的性能问题和潜在的高成本。这个比喻既展现了无服务器计算的便利性，又提醒人们注意其潜在的缺点。
163,The Turing Test for AI is like a beauty pageant where the contestants are wearing masks and communicating through translators.,AI的图灵测试就像一场选美比赛，参赛者都戴着面具并通过翻译交流。,Toby Walsh,Toby Walsh是人工智能领域的著名学者。这个比喻巧妙地描述了图灵测试的本质和局限性。'戴着面具'暗示了AI在测试中可能掩盖其非人类的本质，而'通过翻译交流'则反映了人类与AI之间的沟通障碍。这个比喻不仅幽默，还深刻地质疑了图灵测试作为衡量AI智能的有效性，暗示了判断真正的人工智能可能需要更复杂的标准。
164,"The Metaverse is like a digital costume party where everyone's invited, but half the guests can't figure out how to put on their VR headsets.",元宇宙就像一场数字化的化妆舞会，每个人都被邀请了，但一半的客人还不知道怎么戴上VR头盔。,Philip Rosedale,Philip Rosedale是虚拟世界平台Second Life的创始人。这个比喻生动地描绘了元宇宙的愿景和现实之间的差距。'每个人都被邀请'反映了元宇宙的开放性和包容性，而'一半的客人还不知道怎么戴上VR头盔'则幽默地指出了当前技术和用户接受度的局限。这个比喻既展现了元宇宙的潜力，又提醒人们注意其实现过程中的实际挑战。
165,"DevOps is like a three-legged race between development and operations: when it works, it's graceful and efficient; when it doesn't, it's a comedic disaster.",DevOps就像开发和运维之间的三足赛跑：当它奏效时，优雅而高效；当它失效时，就是一场喜剧性的灾难。,Gene Kim,Gene Kim是DevOps运动的主要推动者之一。这个比喻巧妙地捕捉了DevOps的本质：它旨在让开发和运维团队紧密协作，如同三足赛跑中的搭档。'优雅而高效'反映了成功实施DevOps的理想状态，而'喜剧性的灾难'则幽默地指出了实施不当可能导致的混乱。这个比喻既突出了DevOps的潜在效益，又提醒人们实施过程中可能面临的挑战。
